(就活対策)ES：エントリーシートでの写真などの活用,(就活対策)ES：エントリーシートでの写真などの活用,http://www.weblio-inc.jp/wordpress/job_hunting_guide/es/es_using_pictures/
(就活対策)ES：エントリーシートとは,(就活対策)ES：エントリーシートとは,http://www.weblio-inc.jp/wordpress/job_hunting_guide/es/es_whats_es/
(就活対策)ES：エントリーシートの「10年後、20年後のイメージ」,(就活対策)ES：エントリーシートの「10年後、20年後のイメージ」,http://www.weblio-inc.jp/wordpress/job_hunting_guide/es/es_10years_later/
(就活対策)ES：エントリーシートの「仕事観と会社観」,(就活対策)ES：エントリーシートの「仕事観と会社観」,http://www.weblio-inc.jp/wordpress/job_hunting_guide/es/es_view_of_social_life/
(就活対策)ES：エントリーシートの「学生時代に最も力を入れたこと」,(就活対策)ES：エントリーシートの「学生時代に最も力を入れたこと」,http://www.weblio-inc.jp/wordpress/job_hunting_guide/es/es_student_days/
(就活対策)ES：エントリーシートの「志望動機」,(就活対策)ES：エントリーシートの「志望動機」,http://www.weblio-inc.jp/wordpress/job_hunting_guide/es/es_shiboudouki/
(就活対策)ES：エントリーシートの「最近関心を持っていること」,(就活対策)ES：エントリーシートの「最近関心を持っていること」,http://www.weblio-inc.jp/wordpress/job_hunting_guide/es/es_interest/
(就活対策)ES：エントリーシートの「特技や資格」,(就活対策)ES：エントリーシートの「特技や資格」,http://www.weblio-inc.jp/wordpress/job_hunting_guide/es/es_speciality/
(就活対策)ES：エントリーシートの「長所と短所」,(就活対策)ES：エントリーシートの「長所と短所」,http://www.weblio-inc.jp/wordpress/job_hunting_guide/es/es_strong_and_weak_points/
(就活対策)ES：エントリーシートの一般的な質問,(就活対策)ES：エントリーシートの一般的な質問,http://www.weblio-inc.jp/wordpress/job_hunting_guide/es/es_popular_question/
(就活対策)ES：エントリーシートの入手,(就活対策)ES：エントリーシートの入手,http://www.weblio-inc.jp/wordpress/job_hunting_guide/es/es_ge/
(就活対策)ES：エントリーシートの形式,(就活対策)ES：エントリーシートの形式,http://www.weblio-inc.jp/wordpress/job_hunting_guide/es/es_form/
(就活対策)ES：エントリーシートの提出方法,(就活対策)ES：エントリーシートの提出方法,http://www.weblio-inc.jp/wordpress/job_hunting_guide/es/es_submission/
(就活対策)ES：エントリーシートの書き方,(就活対策)ES：エントリーシートの書き方,http://www.weblio-inc.jp/wordpress/job_hunting_guide/es/es_how_to_write/
(就活対策)ES：エントリーシートの自由記入欄とは,(就活対策)ES：エントリーシートの自由記入欄とは,http://www.weblio-inc.jp/wordpress/job_hunting_guide/es/es_free_entry_column/
(就活対策)ES：エントリーシートの自由記入欄の活かし方,(就活対策)ES：エントリーシートの自由記入欄の活かし方,http://www.weblio-inc.jp/wordpress/job_hunting_guide/es/es_how_to_use/
(就活対策)ES：エントリーシートを書き損じた・汚してしまった,(就活対策)ES：エントリーシートを書き損じた・汚してしまった,http://www.weblio-inc.jp/wordpress/job_hunting_guide/es/es_mistake_in_writing/
(就活対策)ES：エントリーシートを送付する際の添え状はどのようにすべきか,(就活対策)ES：エントリーシートを送付する際の添え状はどのようにすべきか,http://www.weblio-inc.jp/wordpress/job_hunting_guide/es/es_cover_letter/
(就活対策)自己分析：4つの窓,(就活対策)自己分析：4つの窓,http://www.weblio-inc.jp/wordpress/job_hunting_guide/self-analysis/bunseki_4windows/
(就活対策)自己分析：5つの要素,(就活対策)自己分析：5つの要素,http://www.weblio-inc.jp/wordpress/job_hunting_guide/self-analysis/bunseki_5factor/
(就活対策)自己分析：いつから進めるか,(就活対策)自己分析：いつから進めるか,http://www.weblio-inc.jp/wordpress/job_hunting_guide/self-analysis/bunseki_when/
(就活対策)自己分析：うまくできない,(就活対策)自己分析：うまくできない,http://www.weblio-inc.jp/wordpress/job_hunting_guide/self-analysis/bunseki_cant_do_it/
(就活対策)自己分析：どうやって進めるのか,(就活対策)自己分析：どうやって進めるのか,http://www.weblio-inc.jp/wordpress/job_hunting_guide/self-analysis/bunseki_how/
(就活対策)自己分析：なぜ必要なのか,(就活対策)自己分析：なぜ必要なのか,http://www.weblio-inc.jp/wordpress/job_hunting_guide/self-analysis/bunseki_necessity/
(就活対策)自己分析：今の自分を客観的に整理,(就活対策)自己分析：今の自分を客観的に整理,http://www.weblio-inc.jp/wordpress/job_hunting_guide/self-analysis/bunseki_objectively/
(就活対策)自己分析：今までの自分、これからの自分,,http://www.weblio-inc.jp/wordpress/job_hunting_guide/self-analysis/bunseki_future/
(就活対策)自己分析：今までの自分を掘り下げる,(就活対策)自己分析：今までの自分を掘り下げる,http://www.weblio-inc.jp/wordpress/job_hunting_guide/self-analysis/bunseki_investigate/
(就活対策)自己分析：他己分析のやり方,(就活対策)自己分析：他己分析のやり方,http://www.weblio-inc.jp/wordpress/job_hunting_guide/self-analysis/bunseki_method_analysis/
(就活対策)自己分析：他己分析も重要,(就活対策)自己分析：他己分析も重要,http://www.weblio-inc.jp/wordpress/job_hunting_guide/self-analysis/bunseki_analysis_from_others/
(就活対策)自己分析：価値観の確認,(就活対策)自己分析：価値観の確認,http://www.weblio-inc.jp/wordpress/job_hunting_guide/self-analysis/bunseki_values/
(就活対策)自己分析：前向きに取り組む,,http://www.weblio-inc.jp/wordpress/job_hunting_guide/self-analysis/bunseki_positive/
(就活対策)自己分析：将来ビジョンを描く,,http://www.weblio-inc.jp/wordpress/job_hunting_guide/self-analysis/bunseki_vision/
(就活対策)自己分析：弱みと苦手なこと,(就活対策)自己分析：弱みと苦手なこと,http://www.weblio-inc.jp/wordpress/job_hunting_guide/self-analysis/bunseki_weak_point/
(就活対策)自己分析：強みと得意なこと,(就活対策)自己分析：強みと得意なこと,http://www.weblio-inc.jp/wordpress/job_hunting_guide/self-analysis/bunseki_specialty/
(就活対策)自己分析：自己分析の心構え,(就活対策)自己分析：自己分析の心構え,http://www.weblio-inc.jp/wordpress/job_hunting_guide/self-analysis/bunseki_preparation/
(就活対策)自己分析：自己ＰＲのまとめ方,(就活対策)自己分析：自己ＰＲのまとめ方,http://www.weblio-inc.jp/wordpress/job_hunting_guide/self-analysis/bunseki_pr/
(就活対策)自己分析：自己ＰＲの材料がない,(就活対策)自己分析：自己ＰＲの材料がない,http://www.weblio-inc.jp/wordpress/job_hunting_guide/self-analysis/bunseki_materials/
(就活対策)自己分析：適職は何かを考える,,http://www.weblio-inc.jp/wordpress/job_hunting_guide/self-analysis/bunseki_suitable_occupation/
<img src='//b.hatena.ne.jp/images/entry-button/button-only@2x.png' alt='Bookmark this on Hatena Bookmark' width='20' height='20' style='border: none;' />,会社概要"Bookmark this on Hatena Bookmark,http://b.hatena.ne.jp/entry/http://www.weblio-inc.jp/wordpress/company/outline/
<img src='http://www.weblio-inc.jp/wordpress/wp-content/themes/weblio/images/bnr.gif' alt='各種採用情報　世の中の当たり前に疑問を抱けるヒト募集中' border='0' />,,http://www.weblio-inc.jp/wordpress/recruit/
<img src='http://www.weblio-inc.jp/wordpress/wp-content/themes/weblio/images/btn_top.gif' alt='Top' width='122' height='34' border='0' />,,#header
<img src='http://www.weblio-inc.jp/wordpress/wp-content/themes/weblio/images/logo.gif' alt='ウェブリオ株式会社' border='0' />,,http://www.weblio-inc.jp/wordpress
<img src='http://www.weblio-inc.jp/wordpress/wp-content/themes/weblio/images/logo2.gif' alt='ウェブリオ株式会社' width='81' height='19' border='0' />,,http://www.weblio-inc.jp/
<img src='http://www.weblio-inc.jp/wordpress/wp-content/uploads/2015/03/internmock.png' alt='マーケティング事業開発部インターン募集中　Weblioでマーケティングの事業立ち上げインターンを募集中' border='0' />,,http://www.weblio-inc.jp/wordpress/weblio-intern-lp20150305/
<img src='http://www.weblio-inc.jp/wordpress/wp-content/uploads/2015/09/gmenu01.png' alt='ウェブリオについて' width='170' height='35' border='0' class='rollover' />,,http://www.weblio-inc.jp/wordpress/about/philosophy/
<img src='http://www.weblio-inc.jp/wordpress/wp-content/uploads/2015/09/gmenu02.png' alt='企業情報' width='170' height='35' border='0' class='rollover' />,,http://www.weblio-inc.jp/wordpress/company/outline/
<img src='http://www.weblio-inc.jp/wordpress/wp-content/uploads/2015/09/gmenu03.png' alt='サービス' width='170' height='35' border='0' class='rollover' />,,http://www.weblio-inc.jp/wordpress/service/dictionary/
<img src='http://www.weblio-inc.jp/wordpress/wp-content/uploads/2015/09/gmenu04.png' alt='採用情報' width='170' height='35' border='0' class='rollover' />,,http://www.weblio-inc.jp/wordpress/recruit/
<img src='http://www.weblio-inc.jp/wordpress/wp-content/uploads/2015/09/gmenu05.png' alt='お問い合わせ' width='170' height='35' border='0' class='rollover' />,,http://www.weblio-inc.jp/wordpress/inquiry/index/
<img src='http://www.weblio-inc.jp/wordpress/wp-content/uploads/2015/09/gmenu07.png' alt='就活お役立ち情報' width='170' height='35' border='0' class='rollover' />,,http://www.weblio-inc.jp/wordpress/job_hunting_guide/
<span class='icon'>→</span>トップへ,,http://www.weblio-inc.jp/wordpress
Home,,http://www.weblio-inc.jp/wordpress/
Pocket,,https://getpocket.com/save
View the official homepage of Weblio Philippines Inc.,,http://weblio-inc.com.ph/
Weblio, inc. Brazilの公式ホームページを見る,,http://www.weblio-inc.com.br/
weblio辞書,weblio辞書,http://www.weblio-inc.jp/wordpress/service/dictionary/
Yahoo!カテゴリでウェブリオの運営サイト一覧を見る,,http://dir.yahoo.co.jp/Reference/Dictionaries/Weblio/
→PRIVACY POLICY,,#
【Oita】Recruitment of an assistant who specializes in Chinese Cantonese,【Oita】Recruitment of an assistant who specializes in Chinese Cantonese,http://www.weblio-inc.jp/wordpress/recruit/intern-oita/oita_cantonese_assistant_eng/
【Oita】Recruitment of an assistant who specializes in Indonesian,,http://www.weblio-inc.jp/wordpress/recruit/intern-oita/oita_indonesian_assistant_eng/
【Oita】Recruitment of an assistant who specializes in Korean,【Oita】Recruitment of an assistant who specializes in Korean,http://www.weblio-inc.jp/wordpress/recruit/intern-oita/oita_korean_assistant_eng/
【Oita】Recruitment of an assistant who specializes in Thai,【Oita】Recruitment of an assistant who specializes in Thai,http://www.weblio-inc.jp/wordpress/recruit/intern-oita/oita_thai_assistant_eng/
【Oita】Recruitment of an assistant who specializes in translating Chinese Mandarin,【Oita】Recruitment of an assistant who specializes in translating Chinese Mandarin,http://www.weblio-inc.jp/wordpress/recruit/intern-oita/oita_mandarin_assistant_eng/
【Oita】Recruitment of an assistant who specializes in translating Chinese the Shanghai dialect,【Oita】Recruitment of an assistant who specializes in translating Chinese the Shanghai dialect,http://www.weblio-inc.jp/wordpress/recruit/intern-oita/oita_shanghai_assistant_eng/
【Oita】Recruitment of an assistant who specializes in Turkish,【Oita】Recruitment of an assistant who specializes in Turkish,http://www.weblio-inc.jp/wordpress/recruit/intern-oita/oita_turkish_assistant_eng/
【Oita】Recruitment of an assistant who specializes in Vietnamese,,http://www.weblio-inc.jp/wordpress/recruit/intern-oita/oita_vietnamese_assistant_eng/
【Oita】Translators from English to Arabic,,http://www.weblio-inc.jp/wordpress/recruit/intern-oita/oita_arabic_assistant_eng/
【京都支社 新卒】外国人留学生の採用,【京都支社新卒】外国人留学生の採用,http://www.weblio-inc.jp/wordpress/recruit/kyoto/fresh-foreign_student/
【京都支社 新卒】海外の大学に留学中の方の採用,【京都支社新卒】海外の大学に留学中の方の採用,http://www.weblio-inc.jp/wordpress/recruit/kyoto/fresh-overseas/
【京都支社 新卒】総合職,【京都支社新卒】総合職,http://www.weblio-inc.jp/wordpress/recruit/kyoto/fresh-comprehensivework/
【京都支社 新卒】開発部 Webエンジニア,【京都支社新卒】開発部 Webエンジニア,http://www.weblio-inc.jp/wordpress/recruit/kyoto/fresh-web-engineer/
【京都支社】インターン・新卒・キャリア中途採用,【京都支社】インターン・新卒・キャリア採用,http://www.weblio-inc.jp/wordpress/recruit/kyoto/
【京都支社インターン】マーケティング部 Webデザイナー,,http://www.weblio-inc.jp/wordpress/recruit/kyoto/kyoto_designer_assistant/
【京都支社インターン】マーケティング部 事業開発,【京都支社インターン】マーケティング部 事業開発担当,http://www.weblio-inc.jp/wordpress/recruit/kyoto/kyoto_business_development_assistant/
【京都支社インターン】マーケティング部 企画,【京都支社インターン】マーケティング部 企画担当,http://www.weblio-inc.jp/wordpress/recruit/kyoto/kyoto_planner_assistant/
【京都支社インターン】マーケティング部 出版制作,【京都支社インターン】マーケティング部 出版制作担当,http://www.weblio-inc.jp/wordpress/recruit/kyoto/kyoto_writer_assistant/
【京都支社インターン】マーケティング部 戦略,【京都支社インターン】マーケティング部 戦略担当,http://www.weblio-inc.jp/wordpress/recruit/kyoto/kyoto_strategy_assistant/
【京都支社インターン】マーケティング部 編集,【京都支社インターン】マーケティング部 編集担当,http://www.weblio-inc.jp/wordpress/recruit/kyoto/kyoto_editor_assistant/
【京都支社インターン】営業部 セールスアシスタント,【京都支社インターン】営業部 セールスアシスタント,http://www.weblio-inc.jp/wordpress/recruit/kyoto/kyoto_sales_assistant/
【京都支社インターン】広報（PR）部 担当,【京都支社インターン】広報（PR）部 担当,http://www.weblio-inc.jp/wordpress/recruit/kyoto/public-relations/
【京都支社インターン】経営企画部 経済研究,【京都支社インターン】経営企画部 経済研究担当,http://www.weblio-inc.jp/wordpress/recruit/kyoto/kyoto_economics_research_assistant/
【京都支社インターン】総務部 アシスタント,【京都支社インターン】総務部 アシスタント,http://www.weblio-inc.jp/wordpress/recruit/kyoto/kyoto_general_affairs_assistant/
【京都支社インターン】総務部 カスタマーサポート,【京都支社インターン】総務部 カスタマーサポート,http://www.weblio-inc.jp/wordpress/recruit/kyoto/kyoto_customer-support/
【京都支社インターン】開発部 Webエンジニア,【京都支社インターン】開発部 Webエンジニア,http://www.weblio-inc.jp/wordpress/recruit/kyoto/kyoto_programmer_assistant/
【京都支社インターン】開発部 インフラ・運用,【京都支社インターン】開発部 インフラ・運用担当,http://www.weblio-inc.jp/wordpress/recruit/kyoto/kyoto_instruments_operator_assistant/
【京都支社・中途】開発部 Webエンジニア,【京都支社キャリア】開発部 Webエンジニア,http://www.weblio-inc.jp/wordpress/recruit/kyoto/career-web-engineer/
【京都支社・中途】開発部 ソフトウェアG,【京都支社キャリア】開発部 ソフトウェアG,http://www.weblio-inc.jp/wordpress/recruit/kyoto/career-software/
【大分インターン】アラビア語⇔英語翻訳,【大分インターン】アラビア語⇔英語翻訳,http://www.weblio-inc.jp/wordpress/recruit/intern-oita/oita_arabic_assistant/
【大分インターン】インドネシア語⇔日本語翻訳,【大分インターン】インドネシア語⇔日本語翻訳,http://www.weblio-inc.jp/wordpress/recruit/intern-oita/jp-5/
【大分インターン】インドネシア語⇔英語翻訳,【大分インターン】インドネシア語⇔英語翻訳,http://www.weblio-inc.jp/wordpress/recruit/intern-oita/oita_indonesian_assistant/
【大分インターン】タイ語⇔日本語翻訳,【大分インターン】タイ語⇔日本語翻訳,http://www.weblio-inc.jp/wordpress/recruit/intern-oita/jp-6/
【大分インターン】タイ語⇔英語翻訳,【大分インターン】タイ語⇔英語翻訳,http://www.weblio-inc.jp/wordpress/recruit/intern-oita/oita_thai_assistant/
【大分インターン】トルコ語⇔日本語翻訳,【大分インターン】トルコ語⇔日本語翻訳,http://www.weblio-inc.jp/wordpress/recruit/intern-oita/jp-8/
【大分インターン】トルコ語⇔英語翻訳,【大分インターン】トルコ語⇔英語翻訳,http://www.weblio-inc.jp/wordpress/recruit/intern-oita/oita_turkish_assistant/
【大分インターン】ベトナム語⇔日本語翻訳,【大分インターン】ベトナム語⇔日本語翻訳,http://www.weblio-inc.jp/wordpress/recruit/intern-oita/jp-7/
【大分インターン】ベトナム語⇔英語翻訳,【大分インターン】ベトナム語⇔英語翻訳,http://www.weblio-inc.jp/wordpress/recruit/intern-oita/oita_vietnamese_assistant/
【大分インターン】マーケティング部 事業開発,【大分インターン】マーケティング部 事業開発,http://www.weblio-inc.jp/wordpress/recruit/intern-oita/oita_business_development/
【大分インターン】中国語（マンダリン）⇔英語翻訳,【大分インターン】中国語（マンダリン）⇔英語翻訳,http://www.weblio-inc.jp/wordpress/recruit/intern-oita/oita_mandarin_assistant/
【大分インターン】中国語（上海語）⇔英語翻訳,【大分インターン】中国語（上海語）⇔英語翻訳,http://www.weblio-inc.jp/wordpress/recruit/intern-oita/oita_shanghai_assistant/
【大分インターン】中国語（広東語）⇔英語翻訳,【大分インターン】中国語（広東語）⇔英語翻訳,http://www.weblio-inc.jp/wordpress/recruit/intern-oita/oita_cantonese_assistant/
【大分インターン】大分支社長（アルバイト）,【大分インターン】大分支社長（アルバイト）,http://www.weblio-inc.jp/wordpress/recruit/intern-oita/branchmanager-parttime/
【大分インターン】経営企画部 新拠点立ち上げ,【大分インターン】経営企画部 新拠点立ち上げ,http://www.weblio-inc.jp/wordpress/recruit/intern-oita/startup_branch_oita/
【大分インターン】総務部 アシスタント,【大分インターン】総務部 アシスタント,http://www.weblio-inc.jp/wordpress/recruit/intern-oita/oita_general_affairs_assistant/
【大分インターン】韓国語⇔日本語翻訳,【大分インターン】韓国語⇔日本語翻訳,http://www.weblio-inc.jp/wordpress/recruit/intern-oita/jp-4/
【大分インターン】韓国語⇔英語翻訳,【大分インターン】韓国語⇔英語翻訳,http://www.weblio-inc.jp/wordpress/recruit/intern-oita/oita_korean_assistant/
【大分支社】インターン・新卒・キャリア中途採用,【大分支社】インターン・インターンシップ・アルバイト,http://www.weblio-inc.jp/wordpress/recruit/intern-oita/
【大分支社】大分支社長（正社員）,【大分支社】大分支社長（正社員）,http://www.weblio-inc.jp/wordpress/recruit/intern-oita/branchmanager-fulltime/
【大分支社】総合職 正社員（新卒・キャリア）,【大分支社】総合職 正社員（新卒・キャリア）,http://www.weblio-inc.jp/wordpress/recruit/intern-oita/oita-comprehensive-work/
【大学生】インターンシップ,【大学生】インターンシップ,http://www.weblio-inc.jp/wordpress/job_hunting_guide/internship/
【大学生】インターンシップでの留意点,【大学生】インターンシップでの留意点,http://www.weblio-inc.jp/wordpress/job_hunting_guide/internship/internship_attention/
【大学生】インターンシップとは,【大学生】インターンシップとは,http://www.weblio-inc.jp/wordpress/job_hunting_guide/internship/what_is_internship/
【大学生】インターンシップとアルバイトの違い,【大学生】インターンシップとアルバイトの違い,http://www.weblio-inc.jp/wordpress/job_hunting_guide/internship/internship_defferenceofinternship/
【大学生】インターンシップと就活,【大学生】インターンシップと就活,http://www.weblio-inc.jp/wordpress/job_hunting_guide/internship/internship_jobhunting/
【大学生】インターンシップと志望業界,【大学生】インターンシップと志望業界,http://www.weblio-inc.jp/wordpress/job_hunting_guide/internship/internship_industry/
【大学生】インターンシップに参加するには,【大学生】インターンシップに参加するには,http://www.weblio-inc.jp/wordpress/job_hunting_guide/internship/join/
【大学生】インターンシップのお礼状,【大学生】インターンシップのお礼状,http://www.weblio-inc.jp/wordpress/job_hunting_guide/internship/internship_appreciation/
【大学生】インターンシップの意味,【大学生】インターンシップの意味,http://www.weblio-inc.jp/wordpress/job_hunting_guide/internship/meaning/
【大学生】インターンシップの面接,【大学生】インターンシップの面接,http://www.weblio-inc.jp/wordpress/job_hunting_guide/internship/interview/
【大学生】インターンシップへの志望動機,【大学生】インターンシップへの志望動機,http://www.weblio-inc.jp/wordpress/job_hunting_guide/internship/motive/
【新宿本社】学生インターン(2016卒,2017卒,2018卒),【新宿本社】大学生インターンシップ【2016卒、2017卒、2018卒】,http://www.weblio-inc.jp/wordpress/recruit/intern-tokyo/
【新宿本社インターン】マーケティング部 Webデザイナー,,http://www.weblio-inc.jp/wordpress/recruit/intern-tokyo/designer_assistant/
【新宿本社インターン】マーケティング部 事業開発,【新宿本社インターン】マーケティング部 事業開発担当,http://www.weblio-inc.jp/wordpress/recruit/intern-tokyo/business_development/
【新宿本社インターン】マーケティング部 企画,【新宿本社インターン】マーケティング部 企画担当,http://www.weblio-inc.jp/wordpress/recruit/intern-tokyo/planner_assistant/
【新宿本社インターン】マーケティング部 出版制作,【新宿本社インターン】マーケティング部 出版制作担当,http://www.weblio-inc.jp/wordpress/recruit/intern-tokyo/writer_assistant/
【新宿本社インターン】マーケティング部 戦略,【新宿本社インターン】マーケティング部 戦略担当,http://www.weblio-inc.jp/wordpress/recruit/intern-tokyo/strategy_assistant/
【新宿本社インターン】マーケティング部 編集,【新宿本社インターン】マーケティング部 編集担当,http://www.weblio-inc.jp/wordpress/recruit/intern-tokyo/editor_assistant/
【新宿本社インターン】マーケティング部 翻訳,【募集終了】【新宿本社インターン】マーケティング部 翻訳担当,http://www.weblio-inc.jp/wordpress/recruit/intern-tokyo/translation_assistant/
【新宿本社インターン】営業部 セールスアシスタント,【新宿本社インターン】営業部 セールスアシスタント,http://www.weblio-inc.jp/wordpress/recruit/intern-tokyo/sales_assistant/
【新宿本社インターン】広報（PR）部 担当,【新宿本社インターン】広報（PR）部 担当,http://www.weblio-inc.jp/wordpress/recruit/intern-tokyo/public-relations/
【新宿本社インターン】経営企画部 新拠点立ち上げ,【新宿本社インターン】経営企画部 新拠点立ち上げ担当,http://www.weblio-inc.jp/wordpress/recruit/intern-tokyo/startup_branch_kyoto/
【新宿本社インターン】経営企画部 海外赴任,【新宿本社インターン】経営企画部 海外赴任 担当,http://www.weblio-inc.jp/wordpress/recruit/intern-tokyo/overseas-assignments/
【新宿本社インターン】経営企画部 経済研究,【新宿本社インターン】経営企画部 経済研究 担当,http://www.weblio-inc.jp/wordpress/recruit/intern-tokyo/economics_research_assistant/
【新宿本社インターン】総務部 アシスタント,【新宿本社インターン】総務部 アシスタント,http://www.weblio-inc.jp/wordpress/recruit/intern-tokyo/general_affairs_assistant/
【新宿本社インターン】総務部 カスタマーサポート,【新宿本社インターン】総務部 カスタマーサポート,http://www.weblio-inc.jp/wordpress/recruit/intern-tokyo/customer-support/
【新宿本社インターン】開発部 Webエンジニア,【新宿本社インターン】開発部 Webエンジニア,http://www.weblio-inc.jp/wordpress/recruit/intern-tokyo/programmer/
【新宿本社インターン】開発部 インフラ・運用,,http://www.weblio-inc.jp/wordpress/recruit/intern-tokyo/instruments_operator/
【新宿本社・中途】マーケティング部 企画担当,【募集終了】マーケティング部 企画担当,http://www.weblio-inc.jp/wordpress/recruit/career/planning/
【新宿本社・中途】マーケティング部 編集担当,【募集終了】マーケティング部 編集担当,http://www.weblio-inc.jp/wordpress/recruit/career/creative/
【新宿本社・中途】人事部　人事・採用担当,人事部　人事・採用担当,http://www.weblio-inc.jp/wordpress/recruit/career/hr/
【新宿本社・中途】営業部 アライアンスG,営業部 アライアンスG,http://www.weblio-inc.jp/wordpress/recruit/career/client_relations/
【新宿本社・中途】営業部 営業G,営業部 営業G,http://www.weblio-inc.jp/wordpress/recruit/career/sales/
【新宿本社・中途】経営企画スタッフ,経営企画スタッフ,http://www.weblio-inc.jp/wordpress/recruit/career/management_planning/
【新宿本社・中途】開発部 Webエンジニア,開発部 Webエンジニア,http://www.weblio-inc.jp/wordpress/recruit/career/web-engineer/
【新宿本社・中途】開発部 インフラG,開発部 インフラG,http://www.weblio-inc.jp/wordpress/recruit/career/network/
【新宿本社・中途】開発部 ソフトウェアG,開発部 ソフトウェアG,http://www.weblio-inc.jp/wordpress/recruit/career/software/
【新宿本社・中途】開発部 研究開発G 機械翻訳担当,開発部 研究開発G 機械翻訳担当,http://www.weblio-inc.jp/wordpress/recruit/career/machine-translation/
【新宿本社・中途】開発部 研究開発G 自然言語処理,開発部 研究開発G 自然言語処理,http://www.weblio-inc.jp/wordpress/recruit/career/development/
【新宿本社・中途】開発部 研究開発G 音声対話システム担当,開発部 研究開発G 音声対話システム担当,http://www.weblio-inc.jp/wordpress/recruit/career/speech-dialog-system/
【新宿本社・中途】開発部 研究開発G 音声認識担当,開発部 研究開発G 音声認識担当,http://www.weblio-inc.jp/wordpress/recruit/career/voice-recognition/
【新宿本社・新卒】外国人留学生の採用,外国人留学生の採用,http://www.weblio-inc.jp/wordpress/recruit/fresh/foreign_student/
【新宿本社・新卒】海外の大学に留学中の方の採用,海外の大学に留学中の方の採用,http://www.weblio-inc.jp/wordpress/recruit/fresh/overseas/
【新宿本社・新卒】研究開発職(理系院卒),研究開発職【理系院卒】,http://www.weblio-inc.jp/wordpress/recruit/fresh/research_development/
【新宿本社・新卒】総合職,総合職,http://www.weblio-inc.jp/wordpress/recruit/fresh/comprehensivework/
【新宿本社・新卒】開発部 Webエンジニア,,http://www.weblio-inc.jp/wordpress/recruit/fresh/web-engineer/
【福岡支社】インターン・キャリア中途採用,,http://www.weblio-inc.jp/wordpress/recruit/fukuoka/
【福岡支社】カスタマーサポート,,http://www.weblio-inc.jp/wordpress/recruit/fukuoka/career-customer-support/
【福岡支社インターン】Webデザイン・UI・UXデザイナー,,http://www.weblio-inc.jp/wordpress/recruit/fukuoka/fukuoka_designer_assistant/
【福岡支社インターン】マーケティング部 企画,,http://www.weblio-inc.jp/wordpress/recruit/fukuoka/fukuoka_planner_assistant/
【福岡支社インターン】マーケティング部 編集,,http://www.weblio-inc.jp/wordpress/recruit/fukuoka/editor_assistant/
【福岡支社インターン】営業部 セールスアシスタント,,http://www.weblio-inc.jp/wordpress/recruit/fukuoka/fukuoka_sales_assistant/
【福岡支社インターン】経営企画部 新拠点立ち上げ,,http://www.weblio-inc.jp/wordpress/recruit/fukuoka/startup_branch/
【福岡支社インターン】開発部 Webエンジニア,,http://www.weblio-inc.jp/wordpress/recruit/fukuoka/fukuoka_programmer_assistant/
【福岡支社インターン】開発部 アプリエンジニア,,http://www.weblio-inc.jp/wordpress/recruit/fukuoka/app_engineer_assistant/
【福岡支社・中途】Javaエンジニア,,http://www.weblio-inc.jp/wordpress/recruit/fukuoka/career-java-engineer/
【福岡支社・中途】Webディレクター,,http://www.weblio-inc.jp/wordpress/recruit/fukuoka/career-web-director/
【福岡支社・中途】Webデザイン・UI・UXデザイナー,,http://www.weblio-inc.jp/wordpress/recruit/fukuoka/career-web-designer/
【福岡支社・中途】マーケティング部 編集担当,,http://www.weblio-inc.jp/wordpress/recruit/fukuoka/career-editor/
【福岡支社・中途】営業部 営業G,,http://www.weblio-inc.jp/wordpress/recruit/fukuoka/career-sales/
【福岡支社・中途】開発部 Webエンジニア,,http://www.weblio-inc.jp/wordpress/recruit/fukuoka/career-web-engineer/
【福岡支社・中途】開発部 アプリエンジニア,,http://www.weblio-inc.jp/wordpress/recruit/fukuoka/career-app-engineer/
【翻訳アシスタント】中国語（マンダリン）⇔日本語翻訳,【大分インターン】中国語（マンダリン）⇔日本語翻訳,http://www.weblio-inc.jp/wordpress/recruit/intern-oita/jp/
【翻訳アシスタント】中国語（上海語）⇔日本語翻訳,【大分インターン】中国語（上海語）⇔日本語翻訳,http://www.weblio-inc.jp/wordpress/recruit/intern-oita/jp-2/
【翻訳アシスタント】中国語（広東語）⇔日本語翻訳,【大分インターン】中国語（広東語）⇔日本語翻訳,http://www.weblio-inc.jp/wordpress/recruit/intern-oita/jp-3/
5つのベストプラクティス,5つのベストプラクティス,http://www.weblio-inc.jp/wordpress/recruit/value/bestpractice/
お問い合わせ,,http://www.weblio-inc.jp/wordpress/inquiry/index/
アプリ事業,アプリ事業,http://www.weblio-inc.jp/wordpress/service/apps_busines/
アルバイト／パート,アルバイト／パート,http://www.weblio-inc.jp/wordpress/recruit/parttime/
イスラエル・子会社,,http://www.weblio-inc.jp/wordpress/company/outline/branch-in-israel/
イベント・学会・学園祭などの協賛・協力,,http://www.weblio-inc.jp/wordpress/company/ad_cosponsorship_sponsor/support_event/
インドネシア・子会社,,http://www.weblio-inc.jp/wordpress/company/outline/branch-in-indonesia/
ウェブリオのFacebook英語版を見る,,https://www.facebook.com/pages/WeblioInc/762960207153563
ウェブリオのLinkedIn英語版を見る,,https://www.linkedin.com/company/%E3%82%A6%E3%82%A7%E3%83%96%E3%83%AA%E3%82%AA%E6%A0%AA%E5%BC%8F%E4%BC%9A%E7%A4%BE
ウェブリオの「キャリア採用・中途・転職の求人情報」,キャリア採用,http://www.weblio-inc.jp/wordpress/recruit/career/
ウェブリオのこれから,ウェブリオのこれから,http://www.weblio-inc.jp/wordpress/recruit/about/future/
ウェブリオの採用について,ウェブリオの採用について,http://www.weblio-inc.jp/wordpress/recruit/recruitment/
ウェブリオを知る,ウェブリオを知る,http://www.weblio-inc.jp/wordpress/recruit/about/
ウェブリオ簡単紹介,ウェブリオ簡単紹介,http://www.weblio-inc.jp/wordpress/recruit/about/intro/
オンライン総合辞書「Weblio」,,/wordpress/service/dictionary/
オンライン英会話事業,オンライン英会話事業,http://www.weblio-inc.jp/wordpress/service/english_conversation_service/
オンライン英会話事業,,/wordpress/service/english_conversation_service/
カスタマー・サポート職,【募集終了】カスタマー・サポート職,http://www.weblio-inc.jp/wordpress/recruit/parttime/support/
サイトマップ,,http://www.weblio-inc.jp/wordpress/sitemap/index/
ネットメディア向けの事業,,/wordpress/service/media/
バングラディッシュ・子会社,,http://www.weblio-inc.jp/wordpress/company/outline/branch-in-bangladesh/
フィリピン・子会社,,http://www.weblio-inc.jp/wordpress/company/outline/branch-in-philippines/
ブラジル・子会社,,http://www.weblio-inc.jp/wordpress/company/outline/branch-in-brazil/
プレスリリース,,http://www.weblio-inc.jp/wordpress/blog/category/%e3%83%97%e3%83%ac%e3%82%b9%e3%83%aa%e3%83%aa%e3%83%bc%e3%82%b9/
マーケティング部門 仕事の流儀,マーケティング部門 仕事の流儀,http://www.weblio-inc.jp/wordpress/recruit/value/marketing_strategy/
メディア向け事業,メディア向け事業,http://www.weblio-inc.jp/wordpress/service/media/
ライター職,【募集終了】ライター職,http://www.weblio-inc.jp/wordpress/recruit/parttime/writer/
人材・求人 事業,人材・求人 事業,http://www.weblio-inc.jp/wordpress/service/human_resources_business/
人材・求人 事業,,/wordpress/service/human_resources_business/
人材育成と研修制度,人材育成と研修制度,http://www.weblio-inc.jp/wordpress/recruit/training/
仕事の意義とやりがい,仕事の意義とやりがい,http://www.weblio-inc.jp/wordpress/recruit/recruitment/worthwhile/
代表インタビュー,代表インタビュー,http://www.weblio-inc.jp/wordpress/about/ceo/
企業情報,,
企業情報,企業情報,http://www.weblio-inc.jp/wordpress/company/
企業理念,企業理念,http://www.weblio-inc.jp/wordpress/about/philosophy/
会社概要,,http://www.weblio-inc.jp/wordpress/company/outline/
出版事業,出版事業,http://www.weblio-inc.jp/wordpress/service/publishing_busines/
営業部門 仕事の流儀,営業部門 仕事の流儀,http://www.weblio-inc.jp/wordpress/recruit/value/sales_strategy/
就活SPI対策：SPI受検の心構え,就活SPI対策：SPI受検の心構え,http://www.weblio-inc.jp/wordpress/job_hunting_guide/spi/preparation_for_spi/
就活SPI対策：SPI適性検査とは,就活SPI対策：SPI適性検査とは,http://www.weblio-inc.jp/wordpress/job_hunting_guide/spi/whats_spi/
就活SPI対策：ウェブテスト,就活SPI対策：ウェブテスト,http://www.weblio-inc.jp/wordpress/job_hunting_guide/spi/webtest/
就活SPI対策：受検直前の準備,就活SPI対策：受検直前の準備,http://www.weblio-inc.jp/wordpress/job_hunting_guide/spi/just_before_the_test/
就活SPI対策：言語能力問題のポイント,就活SPI対策：言語能力問題のポイント,http://www.weblio-inc.jp/wordpress/job_hunting_guide/spi/point_of_language_questions/
就活SPI対策：言語能力問題の受検時の注意点,就活SPI対策：言語能力問題の受検時の注意点,http://www.weblio-inc.jp/wordpress/job_hunting_guide/spi/caution_points_of_language_test/
就活SPI対策：言語能力問題の準備,就活SPI対策：言語能力問題の準備,http://www.weblio-inc.jp/wordpress/job_hunting_guide/spi/preparations_for_language_questions/
就活SPI対策：非言語能力問題のポイント,就活SPI対策：非言語能力問題のポイント,http://www.weblio-inc.jp/wordpress/job_hunting_guide/spi/point_of_not_language_questions/
就活SPI対策：非言語能力問題の受検時の注意点,就活SPI対策：非言語能力問題の受検時の注意点,http://www.weblio-inc.jp/wordpress/job_hunting_guide/spi/caution_points_of_spi_test/
就活SPI対策：非言語能力問題の準備,就活SPI対策：非言語能力問題の準備,http://www.weblio-inc.jp/wordpress/job_hunting_guide/spi/preparation_for_not_language_question/
就活マナー(敬語)：敬語とは何か,就活マナー(敬語)：敬語とは何か,http://www.weblio-inc.jp/wordpress/job_hunting_guide/polite_expressions/what_is_keigo/
就活マナー(敬語)：敬語の仕組み,就活マナー(敬語)：敬語の仕組み,http://www.weblio-inc.jp/wordpress/job_hunting_guide/polite_expressions/structure_of_keigo/
就活マナー(敬語)：敬語の使用例・丁寧語,就活マナー(敬語)：敬語の使用例・丁寧語,http://www.weblio-inc.jp/wordpress/job_hunting_guide/polite_expressions/polite/
就活マナー(敬語)：敬語の使用例・尊敬語,就活マナー(敬語)：敬語の使用例・尊敬語,http://www.weblio-inc.jp/wordpress/job_hunting_guide/polite_expressions/honorific/
就活マナー(敬語)：敬語の使用例・謙譲語,就活マナー(敬語)：敬語の使用例・謙譲語,http://www.weblio-inc.jp/wordpress/job_hunting_guide/polite_expressions/humble/
就活マナー(敬語)：敬語の種類,就活マナー(敬語)：敬語の種類,http://www.weblio-inc.jp/wordpress/job_hunting_guide/polite_expressions/kind_of_keigo/
就活マナー(敬語)：敬語はテクニックではない,就活マナー(敬語)：敬語はテクニックではない,http://www.weblio-inc.jp/wordpress/job_hunting_guide/polite_expressions/no_technique/
就活マナー【メール編】,就活マナー【メール編】,http://www.weblio-inc.jp/wordpress/job_hunting_guide/mail/
就活マナー【手紙編】,就活マナー【手紙編】,http://www.weblio-inc.jp/wordpress/job_hunting_guide/letter/
就活マナー【敬語編】,就活マナー【敬語編】,http://www.weblio-inc.jp/wordpress/job_hunting_guide/polite_expressions/
就活マナー【身だしなみ編】,就活マナー【身だしなみ編】,http://www.weblio-inc.jp/wordpress/job_hunting_guide/appearance/
就活マナー【電話編】,就活マナー【電話編】,http://www.weblio-inc.jp/wordpress/job_hunting_guide/denwa/
就活マナー（メール）：お礼のメール文面例,就活マナー（メール）：お礼のメール文面例,http://www.weblio-inc.jp/wordpress/job_hunting_guide/mail/thanks_letter/
就活マナー（メール）：まずは挨拶から,就活マナー（メール）：まずは挨拶から,http://www.weblio-inc.jp/wordpress/job_hunting_guide/mail/mail_greetings/
就活マナー（メール）：アドレス登録の注意点,就活マナー（メール）：アドレス登録の注意点,http://www.weblio-inc.jp/wordpress/job_hunting_guide/mail/addressregistration/
就活マナー（メール）：件名はわかりやすく,就活マナー（メール）：件名はわかりやすく,http://www.weblio-inc.jp/wordpress/job_hunting_guide/mail/easy_title/
就活マナー（メール）：企業側への質問のメールを送る際の留意点,就活マナー（メール）：企業側への質問のメールを送る際の留意点,http://www.weblio-inc.jp/wordpress/job_hunting_guide/mail/mail_question/
就活マナー（メール）：基本的なマナー,就活マナー（メール）：基本的なマナー,http://www.weblio-inc.jp/wordpress/job_hunting_guide/mail/mail_manner/
就活マナー（メール）：宛名は省略しない,就活マナー（メール）：宛名は省略しない,http://www.weblio-inc.jp/wordpress/job_hunting_guide/mail/mail_address/
就活マナー（メール）：就活に利用するメールアドレスはどのようなものが良いか,就活マナー（メール）：就活に利用するメールアドレスはどのようなものが良いか,http://www.weblio-inc.jp/wordpress/job_hunting_guide/mail/mail_address-2/
就活マナー（メール）：用件は簡潔に,就活マナー（メール）：用件は簡潔に,http://www.weblio-inc.jp/wordpress/job_hunting_guide/mail/mail_youken/
就活マナー（メール）：資料請求メール文面例,就活マナー（メール）：資料請求メール文面例,http://www.weblio-inc.jp/wordpress/job_hunting_guide/mail/materials_request/
就活マナー（メール）：返信は迅速に,就活マナー（メール）：返信は迅速に,http://www.weblio-inc.jp/wordpress/job_hunting_guide/mail/quickreply/
就活マナー（手紙・添え状）：OB・OG訪問のお礼状文例,就活マナー（手紙・添え状）：OB・OG訪問のお礼状文例,http://www.weblio-inc.jp/wordpress/job_hunting_guide/letter/letter_thanksletter_example/
就活マナー（手紙・添え状）：はがきの書き方,就活マナー（手紙・添え状）：はがきの書き方,http://www.weblio-inc.jp/wordpress/job_hunting_guide/letter/hagaki/
就活マナー（手紙・添え状）：内定の報告＆内定辞退のお詫び状,就活マナー（手紙・添え状）：内定の報告＆内定辞退のお詫び状,http://www.weblio-inc.jp/wordpress/job_hunting_guide/letter/letter_naitei/
就活マナー（手紙・添え状）：基本的なルール,就活マナー（手紙・添え状）：基本的なルール,http://www.weblio-inc.jp/wordpress/job_hunting_guide/letter/letter_rule/
就活マナー（手紙・添え状）：手紙の書き方,就活マナー（手紙・添え状）：手紙の書き方,http://www.weblio-inc.jp/wordpress/job_hunting_guide/letter/letter_form/
就活マナー（手紙・添え状）：添え状とは,就活マナー（手紙・添え状）：添え状とは,http://www.weblio-inc.jp/wordpress/job_hunting_guide/letter/cover_letter/
就活マナー（手紙・添え状）：添え状の文例,就活マナー（手紙・添え状）：添え状の文例,http://www.weblio-inc.jp/wordpress/job_hunting_guide/letter/cover_letter_example/
就活マナー（敬語）：よくある失敗例,就活マナー（敬語）：よくある失敗例,http://www.weblio-inc.jp/wordpress/job_hunting_guide/polite_expressions/failure-cases/
就活マナー（敬語）：クッション言葉,就活マナー（敬語）：クッション言葉,http://www.weblio-inc.jp/wordpress/job_hunting_guide/polite_expressions/cushion/
就活マナー（敬語）：バイト敬語,就活マナー（敬語）：バイト敬語,http://www.weblio-inc.jp/wordpress/job_hunting_guide/polite_expressions/manual-keigo/
就活マナー（敬語）：質問するときに便利な敬語・表現一覧,就活マナー（敬語）：質問するときに便利な敬語・表現一覧,http://www.weblio-inc.jp/wordpress/job_hunting_guide/polite_expressions/keigo_list/
就活マナー（敬語）：過剰敬語,就活マナー（敬語）：過剰敬語,http://www.weblio-inc.jp/wordpress/job_hunting_guide/polite_expressions/excessive/
就活マナー（敬語）：間違いやすい敬語,就活マナー（敬語）：間違いやすい敬語,http://www.weblio-inc.jp/wordpress/job_hunting_guide/polite_expressions/easily_mistaken_keigo/
就活マナー（身だしなみ）：就活でのカバン,就活マナー（身だしなみ）：就活でのカバン,http://www.weblio-inc.jp/wordpress/job_hunting_guide/appearance/appearance_bag/
就活マナー（身だしなみ）：就活でのスーツ,就活マナー（身だしなみ）：就活でのスーツ,http://www.weblio-inc.jp/wordpress/job_hunting_guide/appearance/appearance_suit/
就活マナー（身だしなみ）：就活でのネイル,就活マナー（身だしなみ）：就活でのネイル,http://www.weblio-inc.jp/wordpress/job_hunting_guide/appearance/appearance_nail/
就活マナー（身だしなみ）：就活でのネクタイ,就活マナー（身だしなみ）：就活でのネクタイ,http://www.weblio-inc.jp/wordpress/job_hunting_guide/appearance/appearance_necktie/
就活マナー（身だしなみ）：就活でのメイク,就活マナー（身だしなみ）：就活でのメイク,http://www.weblio-inc.jp/wordpress/job_hunting_guide/appearance/appearance_make-up/
就活マナー（身だしなみ）：就活での時計・アクセサリー,就活マナー（身だしなみ）：就活での時計・アクセサリー,http://www.weblio-inc.jp/wordpress/job_hunting_guide/appearance/appearance_watch/
就活マナー（身だしなみ）：就活での服装,就活マナー（身だしなみ）：就活での服装,http://www.weblio-inc.jp/wordpress/job_hunting_guide/appearance/appearance_clothes/
就活マナー（身だしなみ）：就活での靴,就活マナー（身だしなみ）：就活での靴,http://www.weblio-inc.jp/wordpress/job_hunting_guide/appearance/appearance_shoes/
就活マナー（身だしなみ）：就活での髪型,就活マナー（身だしなみ）：就活での髪型,http://www.weblio-inc.jp/wordpress/job_hunting_guide/appearance/appearance_hair/
就活マナー（身だしなみ）：身だしなみとは何か,就活マナー（身だしなみ）：身だしなみとは何か,http://www.weblio-inc.jp/wordpress/job_hunting_guide/appearance/appearance_whats_appearance/
就活マナー（電話）：まずは名乗る,就活マナー（電話）：まずは名乗る,http://www.weblio-inc.jp/wordpress/job_hunting_guide/denwa/denwa_name/
就活マナー（電話）：不在着信への折り返し電話,就活マナー（電話）：不在着信への折り返し電話,http://www.weblio-inc.jp/wordpress/job_hunting_guide/denwa/denwa_orikaeshi/
就活マナー（電話）：基本的なマナー,就活マナー（電話）：基本的なマナー,http://www.weblio-inc.jp/wordpress/job_hunting_guide/denwa/denwa_basic/
就活マナー（電話）：時間や場所,就活マナー（電話）：時間や場所,http://www.weblio-inc.jp/wordpress/job_hunting_guide/denwa/denwa_place/
就活マナー（電話）：要件は整理して,就活マナー（電話）：要件は整理して,http://www.weblio-inc.jp/wordpress/job_hunting_guide/denwa/denwa_matter/
就活マナー（電話）：電話の終わり方,就活マナー（電話）：電話の終わり方,http://www.weblio-inc.jp/wordpress/job_hunting_guide/denwa/denwa_fin/
就活マナー（電話）：電話をかける時間帯,就活マナー（電話）：電話をかける時間帯,http://www.weblio-inc.jp/wordpress/job_hunting_guide/denwa/denwa_time/
就活マナー（電話）：電車内での就活中の企業からの電話への対応,就活マナー（電話）：電車内での就活中の企業からの電話への対応,http://www.weblio-inc.jp/wordpress/job_hunting_guide/denwa/denwa_train/
就活対策【SPI対策編】,就活対策【SPI対策編】,http://www.weblio-inc.jp/wordpress/job_hunting_guide/spi/
就活対策【エントリーシート編】,就活対策【エントリーシート編】,http://www.weblio-inc.jp/wordpress/job_hunting_guide/es/
就活対策【自己分析編】,就活対策【自己分析編】,http://www.weblio-inc.jp/wordpress/job_hunting_guide/self-analysis/
就活対策【面接対策編】,就活対策【面接対策編】,http://www.weblio-inc.jp/wordpress/job_hunting_guide/mensetu/
就活面接対策：1日に2社の面接,,http://www.weblio-inc.jp/wordpress/job_hunting_guide/mensetu/two_interviews_in_a_day/
就活面接対策：YES BUT法,,http://www.weblio-inc.jp/wordpress/job_hunting_guide/mensetu/yes-but_method/
就活面接対策：お辞儀の仕方,就活面接対策：お辞儀の仕方,http://www.weblio-inc.jp/wordpress/job_hunting_guide/mensetu/bow/
就活面接対策：よく聞かれる質問・10年後,就活面接対策：よく聞かれる質問・10年後,http://www.weblio-inc.jp/wordpress/job_hunting_guide/mensetu/10_years_later/
就活面接対策：よく聞かれる質問・あなた自身を動物に例えると,就活面接対策：よく聞かれる質問・あなた自身を動物に例えると,http://www.weblio-inc.jp/wordpress/job_hunting_guide/mensetu/compare_to_animal/
就活面接対策：よく聞かれる質問・うれしかったこと,就活面接対策：よく聞かれる質問・うれしかったこと,http://www.weblio-inc.jp/wordpress/job_hunting_guide/mensetu/joyfulness/
就活面接対策：よく聞かれる質問・一番辛かった経験,就活面接対策：よく聞かれる質問・一番辛かった経験,http://www.weblio-inc.jp/wordpress/job_hunting_guide/mensetu/difficult_experiences/
就活面接対策：よく聞かれる質問・失敗談,就活面接対策：よく聞かれる質問・失敗談,http://www.weblio-inc.jp/wordpress/job_hunting_guide/mensetu/failure_story/
就活面接対策：よく聞かれる質問・学生時代に打ち込んだこと,就活面接対策：よく聞かれる質問・学生時代に打ち込んだこと,http://www.weblio-inc.jp/wordpress/job_hunting_guide/mensetu/school_days/
就活面接対策：よく聞かれる質問・尊敬する人,就活面接対策：よく聞かれる質問・尊敬する人,http://www.weblio-inc.jp/wordpress/job_hunting_guide/mensetu/who_you_respect/
就活面接対策：よく聞かれる質問・希望と違う部署に配属されたら,就活面接対策：よく聞かれる質問・希望と違う部署に配属されたら,http://www.weblio-inc.jp/wordpress/job_hunting_guide/mensetu/undesirable_assign/
就活面接対策：よく聞かれる質問・志望する理由,就活面接対策：よく聞かれる質問・志望する理由,http://www.weblio-inc.jp/wordpress/job_hunting_guide/mensetu/statement_of_purpose/
就活面接対策：よく聞かれる質問・最後に質問は？,就活面接対策：よく聞かれる質問・最後に質問は？,http://www.weblio-inc.jp/wordpress/job_hunting_guide/mensetu/any_other_questions/
就活面接対策：よく聞かれる質問・最近読んだ本,就活面接対策：よく聞かれる質問・最近読んだ本,http://www.weblio-inc.jp/wordpress/job_hunting_guide/mensetu/books/
就活面接対策：よく聞かれる質問・気になるニュース,就活面接対策：よく聞かれる質問・気になるニュース,http://www.weblio-inc.jp/wordpress/job_hunting_guide/mensetu/news/
就活面接対策：よく聞かれる質問・趣味,就活面接対策：よく聞かれる質問・趣味,http://www.weblio-inc.jp/wordpress/job_hunting_guide/mensetu/hobby/
就活面接対策：よく聞かれる質問・長所と短所,就活面接対策：よく聞かれる質問・長所と短所,http://www.weblio-inc.jp/wordpress/job_hunting_guide/mensetu/strong_and_weak_points/
就活面接対策：エントリーシートを読み直す,就活面接対策：エントリーシートを読み直す,http://www.weblio-inc.jp/wordpress/job_hunting_guide/mensetu/reread/
就活面接対策：グループディスカッションでのアピール方法,就活面接対策：グループディスカッションでのアピール方法,http://www.weblio-inc.jp/wordpress/job_hunting_guide/mensetu/appeal/
就活面接対策：グループディスカッションを行う理由,就活面接対策：グループディスカッションを行う理由,http://www.weblio-inc.jp/wordpress/job_hunting_guide/mensetu/group_discussion/
就活面接対策：グループディスカッション・インバスケット方式,就活面接対策：グループディスカッション・インバスケット方式,http://www.weblio-inc.jp/wordpress/job_hunting_guide/mensetu/in-basket-test/
就活面接対策：グループディスカッション・ケーススタディ方式,就活面接対策：グループディスカッション・ケーススタディ方式,http://www.weblio-inc.jp/wordpress/job_hunting_guide/mensetu/case-study/
就活面接対策：グループディスカッション・自由討論方式,就活面接対策：グループディスカッション・自由討論方式,http://www.weblio-inc.jp/wordpress/job_hunting_guide/mensetu/free-discussion/
就活面接対策：プレゼンテーション面接とは,就活面接対策：プレゼンテーション面接とは,http://www.weblio-inc.jp/wordpress/job_hunting_guide/mensetu/what_is_presentation_interview/
就活面接対策：プレゼンテーション面接のポイント,就活面接対策：プレゼンテーション面接のポイント,http://www.weblio-inc.jp/wordpress/job_hunting_guide/mensetu/point_of_presentation/
就活面接対策：プレゼンテーション面接の準備,就活面接対策：プレゼンテーション面接の準備,http://www.weblio-inc.jp/wordpress/job_hunting_guide/mensetu/prepare_for_presentation/
就活面接対策：個人面接のポイント,就活面接対策：個人面接のポイント,http://www.weblio-inc.jp/wordpress/job_hunting_guide/mensetu/point_of_personal_interview/
就活面接対策：個人面接の準備,就活面接対策：個人面接の準備,http://www.weblio-inc.jp/wordpress/job_hunting_guide/mensetu/prepare_for_personal_interview/
就活面接対策：入退室のマナー,就活面接対策：入退室のマナー,http://www.weblio-inc.jp/wordpress/job_hunting_guide/mensetu/entrance_and_exit/
就活面接対策：圧迫面接,就活面接対策：圧迫面接,http://www.weblio-inc.jp/wordpress/job_hunting_guide/mensetu/stress_interview/
就活面接対策：基本的なマナー,就活面接対策：基本的なマナー,http://www.weblio-inc.jp/wordpress/job_hunting_guide/mensetu/manners/
就活面接対策：情報収集,就活面接対策：情報収集,http://www.weblio-inc.jp/wordpress/job_hunting_guide/mensetu/info/
就活面接対策：控室での行動,,http://www.weblio-inc.jp/wordpress/job_hunting_guide/mensetu/waiting_room/
就活面接対策：最終面接のポイント,就活面接対策：最終面接のポイント,http://www.weblio-inc.jp/wordpress/job_hunting_guide/mensetu/final_interview/
就活面接対策：緊張してしまったら,,http://www.weblio-inc.jp/wordpress/job_hunting_guide/mensetu/remove_nerves/
就活面接対策：緊張しないために,,http://www.weblio-inc.jp/wordpress/job_hunting_guide/mensetu/to_keep_calm/
就活面接対策：質問の答えがすぐに思いつかない,,http://www.weblio-inc.jp/wordpress/job_hunting_guide/mensetu/cannot_answer_right_away/
就活面接対策：身だしなみ,就活面接対策：身だしなみ,http://www.weblio-inc.jp/wordpress/job_hunting_guide/mensetu/appearance/
就活面接対策：逆質問,就活面接対策：逆質問,http://www.weblio-inc.jp/wordpress/job_hunting_guide/mensetu/reverse_question/
就活面接対策：遅刻しそうな時,就活面接対策：遅刻しそうな時,http://www.weblio-inc.jp/wordpress/job_hunting_guide/mensetu/about_to_be_late/
就活面接対策：集団（グループ）面接のポイント,就活面接対策：集団（グループ）面接のポイント,http://www.weblio-inc.jp/wordpress/job_hunting_guide/mensetu/point_of_group_interview/
就活面接対策：集団（グループ）面接の準備,就活面接対策：集団（グループ）面接の準備,http://www.weblio-inc.jp/wordpress/job_hunting_guide/mensetu/preparation_for_group_interview/
就活面接対策：集団（グループ）面接を行う理由,就活面接対策：集団（グループ）面接を行う理由,http://www.weblio-inc.jp/wordpress/job_hunting_guide/mensetu/why_group_discussion/
就活面接対策：面接での姿勢,就活面接対策：面接での姿勢,http://www.weblio-inc.jp/wordpress/job_hunting_guide/mensetu/posture/
就活面接対策：面接での発声,就活面接対策：面接での発声,http://www.weblio-inc.jp/wordpress/job_hunting_guide/mensetu/speech/
就活面接対策：面接での表情,就活面接対策：面接での表情,http://www.weblio-inc.jp/wordpress/job_hunting_guide/mensetu/face/
就活面接対策：面接での話し方,就活面接対策：面接での話し方,http://www.weblio-inc.jp/wordpress/job_hunting_guide/mensetu/speaking_style/
就活面接対策：面接で企業が知りたいこと,就活面接対策：面接で企業が知りたいこと,http://www.weblio-inc.jp/wordpress/job_hunting_guide/mensetu/want_to_know/
就活面接対策：面接の基本,就活面接対策：面接の基本,http://www.weblio-inc.jp/wordpress/job_hunting_guide/mensetu/kihon/
就活面接対策：面接の流れ,就活面接対策：面接の流れ,http://www.weblio-inc.jp/wordpress/job_hunting_guide/mensetu/flow/
就活面接対策：面接を辞退する場合,,http://www.weblio-inc.jp/wordpress/job_hunting_guide/mensetu/decline_interview/
就活面接対策：面接前日,就活面接対策：面接前日,http://www.weblio-inc.jp/wordpress/job_hunting_guide/mensetu/the_day_before/
就活面接対策：面接当日,就活面接対策：面接当日,http://www.weblio-inc.jp/wordpress/job_hunting_guide/mensetu/the_day/
就活面接対策：面接日程変更の依頼,就活面接対策：面接日程変更の依頼,http://www.weblio-inc.jp/wordpress/job_hunting_guide/mensetu/reschedule/
就活面接対策：面接日程通知への返信メール,就活面接対策：面接日程通知への返信メール,http://www.weblio-inc.jp/wordpress/job_hunting_guide/mensetu/mail/
広告,,http://www.weblio-inc.jp/wordpress/company/ad_cosponsorship_sponsor/ads/
広告・協賛・スポンサー,,http://www.weblio-inc.jp/wordpress/company/ad_cosponsorship_sponsor/
応募方法について,応募方法について,http://www.weblio-inc.jp/wordpress/recruit/entry/
採用への想い,採用への想い,http://www.weblio-inc.jp/wordpress/recruit/recruitment/thoughts/
採用基準について,採用基準について,http://www.weblio-inc.jp/wordpress/recruit/criteria/
損害保険 関連事業,損害保険 関連事業,http://www.weblio-inc.jp/wordpress/service/general_insurance_related_business/
新しい価値を創る為に,新しい価値を創る為に,http://www.weblio-inc.jp/wordpress/recruit/value/
新卒採用,新卒採用,http://www.weblio-inc.jp/wordpress/recruit/fresh/
日本・京都支社,,http://www.weblio-inc.jp/wordpress/company/outline/branch-office-in-kyoto/
日本・大分支社（別府市）,,http://www.weblio-inc.jp/wordpress/company/outline/branch-office-in-oita/
日本・東京本社 アクセス,,http://www.weblio-inc.jp/wordpress/company/outline/headquarters/access/
日本・東京本社 オフィス紹介,,http://www.weblio-inc.jp/wordpress/company/outline/headquarters/office/
日本・東京本社(新宿),,http://www.weblio-inc.jp/wordpress/company/outline/headquarters/
日本・福岡開発デザイン・センター（福岡支社）,,http://www.weblio-inc.jp/wordpress/company/outline/branch-office-in-fukuoka/
書類選考・面接のQ&#038;A,書類選考・面接のQ&amp;A,http://www.weblio-inc.jp/wordpress/recruit/employment_interview_qa/
求める人物像,求める人物像,http://www.weblio-inc.jp/wordpress/recruit/recruitment/wanted/
沿革,,http://www.weblio-inc.jp/wordpress/company/history/
海外進出コンサルティング（登記代行・進出支援）,海外進出コンサルティング（登記代行・進出支援）,http://www.weblio-inc.jp/wordpress/service/support_overseas_developments/
留学・旅行・海外赴任の支援事業,留学・旅行・海外赴任の支援事業,http://www.weblio-inc.jp/wordpress/service/overseas_support/
留学・赴任・旅行・海外進出の支援事業,,/wordpress/service/overseas_support/
社内制度の紹介,社内制度の紹介,http://www.weblio-inc.jp/wordpress/recruit/in-housesystem/
社員インタビュー,社員インタビュー,http://www.weblio-inc.jp/wordpress/about/interview/
翻訳事業,翻訳事業,http://www.weblio-inc.jp/wordpress/service/translation_business/
翻訳事業,,/wordpress/service/translation_business/
